[{"model":"sample_project.character","pk":1,"fields":{"first_name":"Rincewind","last_name":"the Wizard"}},{"model":"sample_project.character","pk":13,"fields":{"first_name":"The Luggage","last_name":""}},{"model":"sample_project.book","pk":2,"fields":{"title":"The Colour of Magic"}},{"model":"sample_project.book","pk":3,"fields":{"title":"The Light Fantastic"}},{"model":"sample_project.book","pk":4,"fields":{"title":"Equal Rites"}},{"model":"sample_project.book","pk":5,"fields":{"title":"Mort"}},{"model":"sample_project.book","pk":6,"fields":{"title":"Sourcery"}},{"model":"sample_project.book","pk":7,"fields":{"title":"Wyrd Sisters"}},{"model":"sample_project.book","pk":8,"fields":{"title":"Pyramids"}},{"model":"sample_project.book","pk":9,"fields":{"title":"Guards! Guards!"}},{"model":"sample_project.book","pk":10,"fields":{"title":"Faust Eric"}},{"model":"sample_project.book","pk":11,"fields":{"title":"Moving Pictures"}},{"model":"apis_relations.property","pk":12,"fields":{"property_class_uri":"","name_forward":"mentioned in","name_reverse":"mentions","subj_class":[["sample_project","character"]],"obj_class":[["sample_project","book"]]}},{"model":"apis_relations.property","pk":14,"fields":{"property_class_uri":"","name_forward":"related to","name_reverse":"related to","subj_class":[["sample_project","character"]],"obj_class":[["sample_project","character"]]}},{"model":"apis_relations.triple","pk":1,"fields":{"subj":1,"obj":2,"prop":12}},{"model":"apis_relations.triple","pk":2,"fields":{"subj":1,"obj":3,"prop":12}},{"model":"apis_relations.triple","pk":3,"fields":{"subj":1,"obj":5,"prop":12}},{"model":"apis_relations.triple","pk":4,"fields":{"subj":1,"obj":10,"prop":12}},{"model":"apis_relations.triple","pk":5,"fields":{"subj":13,"obj":2,"prop":12}},{"model":"apis_relations.triple","pk":6,"fields":{"subj":13,"obj":3,"prop":12}},{"model":"apis_relations.triple","pk":7,"fields":{"subj":13,"obj":6,"prop":12}},{"model":"apis_relations.triple","pk":8,"fields":{"subj":13,"obj":1,"prop":14}},{"model":"apis_relations.temptriple","pk":1,"fields":{"review":false,"start_date":null,"start_start_date":null,"start_end_date":null,"end_date":null,"end_start_date":null,"end_end_date":null,"start_date_written":"","end_date_written":"","status":"","references":null,"notes":""}},{"model":"apis_relations.temptriple","pk":2,"fields":{"review":false,"start_date":null,"start_start_date":null,"start_end_date":null,"end_date":null,"end_start_date":null,"end_end_date":null,"start_date_written":"","end_date_written":"","status":"","references":null,"notes":""}},{"model":"apis_relations.temptriple","pk":3,"fields":{"review":false,"start_date":null,"start_start_date":null,"start_end_date":null,"end_date":null,"end_start_date":null,"end_end_date":null,"start_date_written":"","end_date_written":"","status":"","references":null,"notes":""}},{"model":"apis_relations.temptriple","pk":4,"fields":{"review":false,"start_date":null,"start_start_date":null,"start_end_date":null,"end_date":null,"end_start_date":null,"end_end_date":null,"start_date_written":"","end_date_written":"","status":"","references":null,"notes":""}},{"model":"apis_relations.temptriple","pk":5,"fields":{"review":false,"start_date":null,"start_start_date":null,"start_end_date":null,"end_date":null,"end_start_date":null,"end_end_date":null,"start_date_written":"","end_date_written":"","status":"","references":null,"notes":""}},{"model":"apis_relations.temptriple","pk":6,"fields":{"review":false,"start_date":null,"start_start_date":null,"start_end_date":null,"end_date":null,"end_start_date":null,"end_end_date":null,"start_date_written":"","end_date_written":"","status":"","references":null,"notes":""}},{"model":"apis_relations.temptriple","pk":7,"fields":{"review":false,"start_date":null,"start_start_date":null,"start_end_date":null,"end_date":null,"end_start_date":null,"end_end_date":null,"start_date_written":"","end_date_written":"","status":"","references":null,"notes":""}},{"model":"apis_relations.temptriple","pk":8,"fields":{"review":false,"start_date":null,"start_start_date":null,"start_end_date":null,"end_date":null,"end_start_date":null,"end_end_date":null,"start_date_written":"","end_date_written":"","status":"","references":null,"notes":""}},{"model":"apis_metainfo.rootobject","pk":1,"fields":{"name":"Rincewind the Wizard","self_contenttype":["sample_project","character"]}},{"model":"apis_metainfo.rootobject","pk":2,"fields":{"name":"The Colour of Magic","self_contenttype":["sample_project","book"]}},{"model":"apis_metainfo.rootobject","pk":3,"fields":{"name":"The Light Fantastic","self_contenttype":["sample_project","book"]}},{"model":"apis_metainfo.rootobject","pk":4,"fields":{"name":"Equal Rites","self_contenttype":["sample_project","book"]}},{"model":"apis_metainfo.rootobject","pk":5,"fields":{"name":"Mort","self_contenttype":["sample_project","book"]}},{"model":"apis_metainfo.rootobject","pk":6,"fields":{"name":"Sourcery","self_contenttype":["sample_project","book"]}},{"model":"apis_metainfo.rootobject","pk":7,"fields":{"name":"Wyrd Sisters","self_contenttype":["sample_project","book"]}},{"model":"apis_metainfo.rootobject","pk":8,"fields":{"name":"Pyramids","self_contenttype":["sample_project","book"]}},{"model":"apis_metainfo.rootobject","pk":9,"fields":{"name":"Guards! Guards!","self_contenttype":["sample_project","book"]}},{"model":"apis_metainfo.rootobject","pk":10,"fields":{"name":"Faust Eric","self_contenttype":["sample_project","book"]}},{"model":"apis_metainfo.rootobject","pk":11,"fields":{"name":"Moving Pictures","self_contenttype":["sample_project","book"]}},{"model":"apis_metainfo.rootobject","pk":12,"fields":{"name":"mentioned in","self_contenttype":["apis_relations","property"]}},{"model":"apis_metainfo.rootobject","pk":13,"fields":{"name":"The Luggage","self_contenttype":["sample_project","character"]}},{"model":"apis_metainfo.rootobject","pk":14,"fields":{"name":"related to","self_contenttype":["apis_relations","property"]}},{"model":"apis_metainfo.uri","pk":1,"fields":{"uri":"http://apis.info/entity/1/","domain":"apis default","rdf_link":"","root_object":1,"loaded":false,"loaded_time":null}},{"model":"apis_metainfo.uri","pk":2,"fields":{"uri":"http://apis.info/entity/2/","domain":"apis default","rdf_link":"","root_object":2,"loaded":false,"loaded_time":null}},{"model":"apis_metainfo.uri","pk":3,"fields":{"uri":"http://apis.info/entity/3/","domain":"apis default","rdf_link":"","root_object":3,"loaded":false,"loaded_time":null}},{"model":"apis_metainfo.uri","pk":4,"fields":{"uri":"http://apis.info/entity/4/","domain":"apis default","rdf_link":"","root_object":4,"loaded":false,"loaded_time":null}},{"model":"apis_metainfo.uri","pk":5,"fields":{"uri":"http://apis.info/entity/5/","domain":"apis default","rdf_link":"","root_object":5,"loaded":false,"loaded_time":null}},{"model":"apis_metainfo.uri","pk":6,"fields":{"uri":"http://apis.info/entity/6/","domain":"apis default","rdf_link":"","root_object":6,"loaded":false,"loaded_time":null}},{"model":"apis_metainfo.uri","pk":7,"fields":{"uri":"http://apis.info/entity/7/","domain":"apis default","rdf_link":"","root_object":7,"loaded":false,"loaded_time":null}},{"model":"apis_metainfo.uri","pk":8,"fields":{"uri":"http://apis.info/entity/8/","domain":"apis default","rdf_link":"","root_object":8,"loaded":false,"loaded_time":null}},{"model":"apis_metainfo.uri","pk":9,"fields":{"uri":"http://apis.info/entity/9/","domain":"apis default","rdf_link":"","root_object":9,"loaded":false,"loaded_time":null}},{"model":"apis_metainfo.uri","pk":10,"fields":{"uri":"http://apis.info/entity/10/","domain":"apis default","rdf_link":"","root_object":10,"loaded":false,"loaded_time":null}},{"model":"apis_metainfo.uri","pk":11,"fields":{"uri":"http://apis.info/entity/11/","domain":"apis default","rdf_link":"","root_object":11,"loaded":false,"loaded_time":null}},{"model":"apis_metainfo.uri","pk":12,"fields":{"uri":"http://apis.info/entity/13/","domain":"apis default","rdf_link":"","root_object":13,"loaded":false,"loaded_time":null}}]
