[
{
  "model": "relations.relation",
  "pk": 1,
  "fields": {
    "subj_content_type": [
      "sample_project",
      "person"
    ],
    "subj_object_id": 2,
    "obj_content_type": [
      "sample_project",
      "person"
    ],
    "obj_object_id": 3
  }
},
{
  "model": "relations.relation",
  "pk": 2,
  "fields": {
    "subj_content_type": [
      "sample_project",
      "person"
    ],
    "subj_object_id": 6,
    "obj_content_type": [
      "sample_project",
      "person"
    ],
    "obj_object_id": 9
  }
},
{
  "model": "relations.relation",
  "pk": 3,
  "fields": {
    "subj_content_type": [
      "sample_project",
      "person"
    ],
    "subj_object_id": 6,
    "obj_content_type": [
      "sample_project",
      "person"
    ],
    "obj_object_id": 8
  }
},
{
  "model": "relations.relation",
  "pk": 4,
  "fields": {
    "subj_content_type": [
      "sample_project",
      "person"
    ],
    "subj_object_id": 12,
    "obj_content_type": [
      "sample_project",
      "group"
    ],
    "obj_object_id": 23
  }
},
{
  "model": "relations.relation",
  "pk": 5,
  "fields": {
    "subj_content_type": [
      "sample_project",
      "person"
    ],
    "subj_object_id": 13,
    "obj_content_type": [
      "sample_project",
      "group"
    ],
    "obj_object_id": 23
  }
},
{
  "model": "relations.relation",
  "pk": 6,
  "fields": {
    "subj_content_type": [
      "sample_project",
      "person"
    ],
    "subj_object_id": 14,
    "obj_content_type": [
      "sample_project",
      "group"
    ],
    "obj_object_id": 23
  }
},
{
  "model": "relations.relation",
  "pk": 7,
  "fields": {
    "subj_content_type": [
      "sample_project",
      "person"
    ],
    "subj_object_id": 15,
    "obj_content_type": [
      "sample_project",
      "group"
    ],
    "obj_object_id": 23
  }
},
{
  "model": "relations.relation",
  "pk": 8,
  "fields": {
    "subj_content_type": [
      "sample_project",
      "person"
    ],
    "subj_object_id": 16,
    "obj_content_type": [
      "sample_project",
      "group"
    ],
    "obj_object_id": 23
  }
},
{
  "model": "relations.relation",
  "pk": 9,
  "fields": {
    "subj_content_type": [
      "sample_project",
      "person"
    ],
    "subj_object_id": 1,
    "obj_content_type": [
      "sample_project",
      "place"
    ],
    "obj_object_id": 17
  }
},
{
  "model": "relations.relation",
  "pk": 10,
  "fields": {
    "subj_content_type": [
      "sample_project",
      "person"
    ],
    "subj_object_id": 9,
    "obj_content_type": [
      "sample_project",
      "group"
    ],
    "obj_object_id": 20
  }
},
{
  "model": "relations.relation",
  "pk": 11,
  "fields": {
    "subj_content_type": [
      "sample_project",
      "person"
    ],
    "subj_object_id": 19,
    "obj_content_type": [
      "sample_project",
      "group"
    ],
    "obj_object_id": 20
  }
},
{
  "model": "sample_project.profession",
  "pk": 1,
  "fields": {
    "name": "Wizard"
  }
},
{
  "model": "sample_project.profession",
  "pk": 2,
  "fields": {
    "name": "Witch"
  }
},
{
  "model": "sample_project.profession",
  "pk": 3,
  "fields": {
    "name": "Tourist"
  }
},
{
  "model": "sample_project.profession",
  "pk": 4,
  "fields": {
    "name": "Commander of the City Watch"
  }
},
{
  "model": "sample_project.profession",
  "pk": 5,
  "fields": {
    "name": "Captain of the City Watch"
  }
},
{
  "model": "sample_project.profession",
  "pk": 6,
  "fields": {
    "name": "Sergeant of the City Watch"
  }
},
{
  "model": "sample_project.profession",
  "pk": 7,
  "fields": {
    "name": "Corporal of the City Watch"
  }
},
{
  "model": "sample_project.versionperson",
  "pk": 1,
  "fields": {
    "rootobject_ptr": 1,
    "id": 1,
    "forename": "Rincewind",
    "surname": "the Wizard",
    "gender": "male",
    "date_of_birth": null,
    "date_of_death": null,
    "history_date": "2024-06-05T08:28:25.242Z",
    "history_change_reason": null,
    "history_type": "+",
    "history_user": null
  }
},
{
  "model": "sample_project.versionperson",
  "pk": 2,
  "fields": {
    "rootobject_ptr": 1,
    "id": 1,
    "forename": "Rincewind",
    "surname": "the Wizard",
    "gender": "male",
    "date_of_birth": null,
    "date_of_death": null,
    "history_date": "2024-06-05T08:28:25.271Z",
    "history_change_reason": null,
    "history_type": "~",
    "history_user": null
  }
},
{
  "model": "sample_project.versionperson",
  "pk": 3,
  "fields": {
    "rootobject_ptr": 2,
    "id": 2,
    "forename": "Mustrum",
    "surname": "Ridcully",
    "gender": "",
    "date_of_birth": null,
    "date_of_death": null,
    "history_date": "2024-06-05T08:29:24.850Z",
    "history_change_reason": null,
    "history_type": "+",
    "history_user": null
  }
},
{
  "model": "sample_project.versionperson",
  "pk": 4,
  "fields": {
    "rootobject_ptr": 2,
    "id": 2,
    "forename": "Mustrum",
    "surname": "Ridcully",
    "gender": "",
    "date_of_birth": null,
    "date_of_death": null,
    "history_date": "2024-06-05T08:29:24.874Z",
    "history_change_reason": null,
    "history_type": "~",
    "history_user": null
  }
},
{
  "model": "sample_project.versionperson",
  "pk": 5,
  "fields": {
    "rootobject_ptr": 3,
    "id": 3,
    "forename": "Hughnon",
    "surname": "Ridcully",
    "gender": "",
    "date_of_birth": null,
    "date_of_death": null,
    "history_date": "2024-06-05T08:30:40.536Z",
    "history_change_reason": null,
    "history_type": "+",
    "history_user": null
  }
},
{
  "model": "sample_project.versionperson",
  "pk": 6,
  "fields": {
    "rootobject_ptr": 5,
    "id": 5,
    "forename": "Ponder",
    "surname": "Stibbons",
    "gender": "",
    "date_of_birth": null,
    "date_of_death": null,
    "history_date": "2024-06-05T08:34:29.841Z",
    "history_change_reason": null,
    "history_type": "+",
    "history_user": null
  }
},
{
  "model": "sample_project.versionperson",
  "pk": 7,
  "fields": {
    "rootobject_ptr": 5,
    "id": 5,
    "forename": "Ponder",
    "surname": "Stibbons",
    "gender": "",
    "date_of_birth": null,
    "date_of_death": null,
    "history_date": "2024-06-05T08:34:29.866Z",
    "history_change_reason": null,
    "history_type": "~",
    "history_user": null
  }
},
{
  "model": "sample_project.versionperson",
  "pk": 8,
  "fields": {
    "rootobject_ptr": 6,
    "id": 6,
    "forename": "Galder",
    "surname": "Weatherwax",
    "gender": "",
    "date_of_birth": null,
    "date_of_death": null,
    "history_date": "2024-06-05T08:35:26.561Z",
    "history_change_reason": null,
    "history_type": "+",
    "history_user": null
  }
},
{
  "model": "sample_project.versionperson",
  "pk": 9,
  "fields": {
    "rootobject_ptr": 6,
    "id": 6,
    "forename": "Galder",
    "surname": "Weatherwax",
    "gender": "",
    "date_of_birth": null,
    "date_of_death": null,
    "history_date": "2024-06-05T08:35:26.582Z",
    "history_change_reason": null,
    "history_type": "~",
    "history_user": null
  }
},
{
  "model": "sample_project.versionperson",
  "pk": 10,
  "fields": {
    "rootobject_ptr": 8,
    "id": 8,
    "forename": "Lily",
    "surname": "Weatherwax",
    "gender": "",
    "date_of_birth": null,
    "date_of_death": null,
    "history_date": "2024-06-05T08:39:11.314Z",
    "history_change_reason": null,
    "history_type": "+",
    "history_user": null
  }
},
{
  "model": "sample_project.versionperson",
  "pk": 11,
  "fields": {
    "rootobject_ptr": 9,
    "id": 9,
    "forename": "Esmerelda",
    "surname": "Weatherwax",
    "gender": "",
    "date_of_birth": null,
    "date_of_death": null,
    "history_date": "2024-06-05T08:39:44.745Z",
    "history_change_reason": null,
    "history_type": "+",
    "history_user": null
  }
},
{
  "model": "sample_project.versionperson",
  "pk": 12,
  "fields": {
    "rootobject_ptr": 9,
    "id": 9,
    "forename": "Esmerelda",
    "surname": "Weatherwax",
    "gender": "",
    "date_of_birth": null,
    "date_of_death": null,
    "history_date": "2024-06-05T08:39:44.766Z",
    "history_change_reason": null,
    "history_type": "~",
    "history_user": null
  }
},
{
  "model": "sample_project.versionperson",
  "pk": 13,
  "fields": {
    "rootobject_ptr": 10,
    "id": 10,
    "forename": "Twoflower",
    "surname": "",
    "gender": "",
    "date_of_birth": null,
    "date_of_death": null,
    "history_date": "2024-06-05T08:41:57.166Z",
    "history_change_reason": null,
    "history_type": "+",
    "history_user": null
  }
},
{
  "model": "sample_project.versionperson",
  "pk": 14,
  "fields": {
    "rootobject_ptr": 10,
    "id": 10,
    "forename": "Twoflower",
    "surname": "",
    "gender": "",
    "date_of_birth": null,
    "date_of_death": null,
    "history_date": "2024-06-05T08:41:57.188Z",
    "history_change_reason": null,
    "history_type": "~",
    "history_user": null
  }
},
{
  "model": "sample_project.versionperson",
  "pk": 15,
  "fields": {
    "rootobject_ptr": 11,
    "id": 11,
    "forename": "Samuel",
    "surname": "Vimes",
    "gender": "",
    "date_of_birth": null,
    "date_of_death": null,
    "history_date": "2024-06-05T08:43:17.541Z",
    "history_change_reason": null,
    "history_type": "+",
    "history_user": null
  }
},
{
  "model": "sample_project.versionperson",
  "pk": 16,
  "fields": {
    "rootobject_ptr": 11,
    "id": 11,
    "forename": "Samuel",
    "surname": "Vimes",
    "gender": "",
    "date_of_birth": null,
    "date_of_death": null,
    "history_date": "2024-06-05T08:43:17.562Z",
    "history_change_reason": null,
    "history_type": "~",
    "history_user": null
  }
},
{
  "model": "sample_project.versionperson",
  "pk": 17,
  "fields": {
    "rootobject_ptr": 12,
    "id": 12,
    "forename": "Carrot",
    "surname": "Ironfoundersson",
    "gender": "",
    "date_of_birth": null,
    "date_of_death": null,
    "history_date": "2024-06-05T08:44:34.490Z",
    "history_change_reason": null,
    "history_type": "+",
    "history_user": null
  }
},
{
  "model": "sample_project.versionperson",
  "pk": 18,
  "fields": {
    "rootobject_ptr": 12,
    "id": 12,
    "forename": "Carrot",
    "surname": "Ironfoundersson",
    "gender": "",
    "date_of_birth": null,
    "date_of_death": null,
    "history_date": "2024-06-05T08:44:34.510Z",
    "history_change_reason": null,
    "history_type": "~",
    "history_user": null
  }
},
{
  "model": "sample_project.versionperson",
  "pk": 19,
  "fields": {
    "rootobject_ptr": 13,
    "id": 13,
    "forename": "Angua",
    "surname": "von Überwald",
    "gender": "",
    "date_of_birth": null,
    "date_of_death": null,
    "history_date": "2024-06-05T08:45:11.132Z",
    "history_change_reason": null,
    "history_type": "+",
    "history_user": null
  }
},
{
  "model": "sample_project.versionperson",
  "pk": 20,
  "fields": {
    "rootobject_ptr": 13,
    "id": 13,
    "forename": "Angua",
    "surname": "von Überwald",
    "gender": "",
    "date_of_birth": null,
    "date_of_death": null,
    "history_date": "2024-06-05T08:45:11.156Z",
    "history_change_reason": null,
    "history_type": "~",
    "history_user": null
  }
},
{
  "model": "sample_project.versionperson",
  "pk": 21,
  "fields": {
    "rootobject_ptr": 14,
    "id": 14,
    "forename": "Detritus",
    "surname": "",
    "gender": "",
    "date_of_birth": null,
    "date_of_death": null,
    "history_date": "2024-06-05T08:46:06.079Z",
    "history_change_reason": null,
    "history_type": "+",
    "history_user": null
  }
},
{
  "model": "sample_project.versionperson",
  "pk": 22,
  "fields": {
    "rootobject_ptr": 14,
    "id": 14,
    "forename": "Detritus",
    "surname": "",
    "gender": "",
    "date_of_birth": null,
    "date_of_death": null,
    "history_date": "2024-06-05T08:46:06.101Z",
    "history_change_reason": null,
    "history_type": "~",
    "history_user": null
  }
},
{
  "model": "sample_project.versionperson",
  "pk": 23,
  "fields": {
    "rootobject_ptr": 15,
    "id": 15,
    "forename": "Fred",
    "surname": "Colon",
    "gender": "",
    "date_of_birth": null,
    "date_of_death": null,
    "history_date": "2024-06-05T08:46:30.459Z",
    "history_change_reason": null,
    "history_type": "+",
    "history_user": null
  }
},
{
  "model": "sample_project.versionperson",
  "pk": 24,
  "fields": {
    "rootobject_ptr": 15,
    "id": 15,
    "forename": "Fred",
    "surname": "Colon",
    "gender": "",
    "date_of_birth": null,
    "date_of_death": null,
    "history_date": "2024-06-05T08:46:30.481Z",
    "history_change_reason": null,
    "history_type": "~",
    "history_user": null
  }
},
{
  "model": "sample_project.versionperson",
  "pk": 25,
  "fields": {
    "rootobject_ptr": 16,
    "id": 16,
    "forename": "Nobby",
    "surname": "Nobbs",
    "gender": "",
    "date_of_birth": null,
    "date_of_death": null,
    "history_date": "2024-06-05T08:47:33.255Z",
    "history_change_reason": null,
    "history_type": "+",
    "history_user": null
  }
},
{
  "model": "sample_project.versionperson",
  "pk": 26,
  "fields": {
    "rootobject_ptr": 16,
    "id": 16,
    "forename": "Nobby",
    "surname": "Nobbs",
    "gender": "",
    "date_of_birth": null,
    "date_of_death": null,
    "history_date": "2024-06-05T08:47:33.277Z",
    "history_change_reason": null,
    "history_type": "~",
    "history_user": null
  }
},
{
  "model": "sample_project.versionperson",
  "pk": 27,
  "fields": {
    "rootobject_ptr": 19,
    "id": 19,
    "forename": "Gytha",
    "surname": "Ogg",
    "gender": "",
    "date_of_birth": null,
    "date_of_death": null,
    "history_date": "2024-06-05T09:05:14.004Z",
    "history_change_reason": null,
    "history_type": "+",
    "history_user": null
  }
},
{
  "model": "sample_project.versionperson",
  "pk": 28,
  "fields": {
    "rootobject_ptr": 19,
    "id": 19,
    "forename": "Gytha",
    "surname": "Ogg",
    "gender": "",
    "date_of_birth": null,
    "date_of_death": null,
    "history_date": "2024-06-05T09:05:14.024Z",
    "history_change_reason": null,
    "history_type": "~",
    "history_user": null
  }
},
{
  "model": "sample_project.versionperson",
  "pk": 29,
  "fields": {
    "rootobject_ptr": 21,
    "id": 21,
    "forename": "Magrat",
    "surname": "Garlick",
    "gender": "",
    "date_of_birth": null,
    "date_of_death": null,
    "history_date": "2024-06-05T09:07:25.765Z",
    "history_change_reason": null,
    "history_type": "+",
    "history_user": null
  }
},
{
  "model": "sample_project.versionperson",
  "pk": 30,
  "fields": {
    "rootobject_ptr": 21,
    "id": 21,
    "forename": "Magrat",
    "surname": "Garlick",
    "gender": "",
    "date_of_birth": null,
    "date_of_death": null,
    "history_date": "2024-06-05T09:07:25.787Z",
    "history_change_reason": null,
    "history_type": "~",
    "history_user": null
  }
},
{
  "model": "sample_project.versionperson_profession",
  "pk": 1,
  "fields": {
    "id": 1,
    "person": 1,
    "profession": 1,
    "history": 2
  }
},
{
  "model": "sample_project.versionperson_profession",
  "pk": 2,
  "fields": {
    "id": 2,
    "person": 2,
    "profession": 1,
    "history": 4
  }
},
{
  "model": "sample_project.versionperson_profession",
  "pk": 3,
  "fields": {
    "id": 3,
    "person": 5,
    "profession": 1,
    "history": 7
  }
},
{
  "model": "sample_project.versionperson_profession",
  "pk": 4,
  "fields": {
    "id": 4,
    "person": 6,
    "profession": 1,
    "history": 9
  }
},
{
  "model": "sample_project.versionperson_profession",
  "pk": 5,
  "fields": {
    "id": 5,
    "person": 9,
    "profession": 2,
    "history": 12
  }
},
{
  "model": "sample_project.versionperson_profession",
  "pk": 6,
  "fields": {
    "id": 6,
    "person": 10,
    "profession": 3,
    "history": 14
  }
},
{
  "model": "sample_project.versionperson_profession",
  "pk": 7,
  "fields": {
    "id": 7,
    "person": 11,
    "profession": 4,
    "history": 16
  }
},
{
  "model": "sample_project.versionperson_profession",
  "pk": 8,
  "fields": {
    "id": 8,
    "person": 12,
    "profession": 5,
    "history": 18
  }
},
{
  "model": "sample_project.versionperson_profession",
  "pk": 9,
  "fields": {
    "id": 9,
    "person": 13,
    "profession": 5,
    "history": 20
  }
},
{
  "model": "sample_project.versionperson_profession",
  "pk": 10,
  "fields": {
    "id": 10,
    "person": 14,
    "profession": 6,
    "history": 22
  }
},
{
  "model": "sample_project.versionperson_profession",
  "pk": 11,
  "fields": {
    "id": 11,
    "person": 15,
    "profession": 6,
    "history": 24
  }
},
{
  "model": "sample_project.versionperson_profession",
  "pk": 12,
  "fields": {
    "id": 12,
    "person": 16,
    "profession": 7,
    "history": 26
  }
},
{
  "model": "sample_project.versionperson_profession",
  "pk": 13,
  "fields": {
    "id": 13,
    "person": 19,
    "profession": 2,
    "history": 28
  }
},
{
  "model": "sample_project.versionperson_profession",
  "pk": 14,
  "fields": {
    "id": 14,
    "person": 21,
    "profession": 2,
    "history": 30
  }
},
{
  "model": "sample_project.person",
  "pk": 1,
  "fields": {
    "forename": "Rincewind",
    "surname": "the Wizard",
    "gender": "male",
    "date_of_birth": null,
    "date_of_death": null,
    "profession": [
      1
    ]
  }
},
{
  "model": "sample_project.person",
  "pk": 2,
  "fields": {
    "forename": "Mustrum",
    "surname": "Ridcully",
    "gender": "",
    "date_of_birth": null,
    "date_of_death": null,
    "profession": [
      1
    ]
  }
},
{
  "model": "sample_project.person",
  "pk": 3,
  "fields": {
    "forename": "Hughnon",
    "surname": "Ridcully",
    "gender": "",
    "date_of_birth": null,
    "date_of_death": null,
    "profession": []
  }
},
{
  "model": "sample_project.person",
  "pk": 5,
  "fields": {
    "forename": "Ponder",
    "surname": "Stibbons",
    "gender": "",
    "date_of_birth": null,
    "date_of_death": null,
    "profession": [
      1
    ]
  }
},
{
  "model": "sample_project.person",
  "pk": 6,
  "fields": {
    "forename": "Galder",
    "surname": "Weatherwax",
    "gender": "",
    "date_of_birth": null,
    "date_of_death": null,
    "profession": [
      1
    ]
  }
},
{
  "model": "sample_project.person",
  "pk": 8,
  "fields": {
    "forename": "Lily",
    "surname": "Weatherwax",
    "gender": "",
    "date_of_birth": null,
    "date_of_death": null,
    "profession": []
  }
},
{
  "model": "sample_project.person",
  "pk": 9,
  "fields": {
    "forename": "Esmerelda",
    "surname": "Weatherwax",
    "gender": "",
    "date_of_birth": null,
    "date_of_death": null,
    "profession": [
      2
    ]
  }
},
{
  "model": "sample_project.person",
  "pk": 10,
  "fields": {
    "forename": "Twoflower",
    "surname": "",
    "gender": "",
    "date_of_birth": null,
    "date_of_death": null,
    "profession": [
      3
    ]
  }
},
{
  "model": "sample_project.person",
  "pk": 11,
  "fields": {
    "forename": "Samuel",
    "surname": "Vimes",
    "gender": "",
    "date_of_birth": null,
    "date_of_death": null,
    "profession": [
      4
    ]
  }
},
{
  "model": "sample_project.person",
  "pk": 12,
  "fields": {
    "forename": "Carrot",
    "surname": "Ironfoundersson",
    "gender": "",
    "date_of_birth": null,
    "date_of_death": null,
    "profession": [
      5
    ]
  }
},
{
  "model": "sample_project.person",
  "pk": 13,
  "fields": {
    "forename": "Angua",
    "surname": "von Überwald",
    "gender": "",
    "date_of_birth": null,
    "date_of_death": null,
    "profession": [
      5
    ]
  }
},
{
  "model": "sample_project.person",
  "pk": 14,
  "fields": {
    "forename": "Detritus",
    "surname": "",
    "gender": "",
    "date_of_birth": null,
    "date_of_death": null,
    "profession": [
      6
    ]
  }
},
{
  "model": "sample_project.person",
  "pk": 15,
  "fields": {
    "forename": "Fred",
    "surname": "Colon",
    "gender": "",
    "date_of_birth": null,
    "date_of_death": null,
    "profession": [
      6
    ]
  }
},
{
  "model": "sample_project.person",
  "pk": 16,
  "fields": {
    "forename": "Nobby",
    "surname": "Nobbs",
    "gender": "",
    "date_of_birth": null,
    "date_of_death": null,
    "profession": [
      7
    ]
  }
},
{
  "model": "sample_project.person",
  "pk": 19,
  "fields": {
    "forename": "Gytha",
    "surname": "Ogg",
    "gender": "",
    "date_of_birth": null,
    "date_of_death": null,
    "profession": [
      2
    ]
  }
},
{
  "model": "sample_project.person",
  "pk": 21,
  "fields": {
    "forename": "Magrat",
    "surname": "Garlick",
    "gender": "",
    "date_of_birth": null,
    "date_of_death": null,
    "profession": [
      2
    ]
  }
},
{
  "model": "sample_project.versionplace",
  "pk": 1,
  "fields": {
    "rootobject_ptr": 17,
    "id": 17,
    "label": "Ankh-Morpork",
    "latitude": null,
    "longitude": null,
    "feature_code": "",
    "history_date": "2024-06-05T08:48:23.089Z",
    "history_change_reason": null,
    "history_type": "+",
    "history_user": null
  }
},
{
  "model": "sample_project.place",
  "pk": 17,
  "fields": {
    "label": "Ankh-Morpork",
    "latitude": null,
    "longitude": null,
    "feature_code": ""
  }
},
{
  "model": "sample_project.versiongroup",
  "pk": 1,
  "fields": {
    "rootobject_ptr": 20,
    "id": 20,
    "label": "Lancre Coven",
    "history_date": "2024-06-05T09:05:51.811Z",
    "history_change_reason": null,
    "history_type": "+",
    "history_user": null
  }
},
{
  "model": "sample_project.versiongroup",
  "pk": 2,
  "fields": {
    "rootobject_ptr": 23,
    "id": 23,
    "label": "Ankh-Morpork City Watch",
    "history_date": "2024-06-05T09:08:55.732Z",
    "history_change_reason": null,
    "history_type": "+",
    "history_user": null
  }
},
{
  "model": "sample_project.group",
  "pk": 20,
  "fields": {
    "label": "Lancre Coven"
  }
},
{
  "model": "sample_project.group",
  "pk": 23,
  "fields": {
    "label": "Ankh-Morpork City Watch"
  }
},
{
  "model": "sample_project.iscousinof",
  "pk": 2,
  "fields": {}
},
{
  "model": "sample_project.iscousinof",
  "pk": 3,
  "fields": {}
},
{
  "model": "sample_project.ispartof",
  "pk": 4,
  "fields": {}
},
{
  "model": "sample_project.ispartof",
  "pk": 5,
  "fields": {}
},
{
  "model": "sample_project.ispartof",
  "pk": 6,
  "fields": {}
},
{
  "model": "sample_project.ispartof",
  "pk": 7,
  "fields": {}
},
{
  "model": "sample_project.ispartof",
  "pk": 8,
  "fields": {}
},
{
  "model": "sample_project.ispartof",
  "pk": 10,
  "fields": {}
},
{
  "model": "sample_project.ispartof",
  "pk": 11,
  "fields": {}
},
{
  "model": "sample_project.issiblingof",
  "pk": 1,
  "fields": {}
},
{
  "model": "sample_project.livesin",
  "pk": 9,
  "fields": {}
},
{
  "model": "apis_metainfo.rootobject",
  "pk": 1,
  "fields": {}
},
{
  "model": "apis_metainfo.rootobject",
  "pk": 2,
  "fields": {}
},
{
  "model": "apis_metainfo.rootobject",
  "pk": 3,
  "fields": {}
},
{
  "model": "apis_metainfo.rootobject",
  "pk": 5,
  "fields": {}
},
{
  "model": "apis_metainfo.rootobject",
  "pk": 6,
  "fields": {}
},
{
  "model": "apis_metainfo.rootobject",
  "pk": 8,
  "fields": {}
},
{
  "model": "apis_metainfo.rootobject",
  "pk": 9,
  "fields": {}
},
{
  "model": "apis_metainfo.rootobject",
  "pk": 10,
  "fields": {}
},
{
  "model": "apis_metainfo.rootobject",
  "pk": 11,
  "fields": {}
},
{
  "model": "apis_metainfo.rootobject",
  "pk": 12,
  "fields": {}
},
{
  "model": "apis_metainfo.rootobject",
  "pk": 13,
  "fields": {}
},
{
  "model": "apis_metainfo.rootobject",
  "pk": 14,
  "fields": {}
},
{
  "model": "apis_metainfo.rootobject",
  "pk": 15,
  "fields": {}
},
{
  "model": "apis_metainfo.rootobject",
  "pk": 16,
  "fields": {}
},
{
  "model": "apis_metainfo.rootobject",
  "pk": 17,
  "fields": {}
},
{
  "model": "apis_metainfo.rootobject",
  "pk": 19,
  "fields": {}
},
{
  "model": "apis_metainfo.rootobject",
  "pk": 20,
  "fields": {}
},
{
  "model": "apis_metainfo.rootobject",
  "pk": 21,
  "fields": {}
},
{
  "model": "apis_metainfo.rootobject",
  "pk": 23,
  "fields": {}
}
]
